id;code;first_name;last_name;gender;email;phone;address_line_1;address_line_2;city;country;department_id
1;mobile Fish;Orval;Metz;MALE;Ao*\8":MQt(_rD*Rm&]l|LC8o8qU@`=Ug")^WEYvh)vCHErIsP,"'.,FuW6N^Uf^}3jt:iZ"Ho$K9[Gk%{e$mU<z7<Qse:[qidIgwxv#E->W]=IHLVxJ>7L*J*?+KVv^8u/zk-U>Z,=;1-760-097-8920;Officer;methodology Albania;North Einar;Madagascar;7
2;Steel zero administration;Frederick;Feeney;MALE;Pt?7zgIi/:HIH}KrDUi5_oRhV?kySuy%Z"C=&C4x?j6?$&'1UG8f0xl++8P%[Nd[>@H&f:m4)ejs0CG,Vzl#[(L}CtO4(&W6^f:?7av=dRuoo"V*t5QF]g>CT|I0<#>RqnQy,*J^E$]/X{1.Su<G:xKWIJU~4F\T2lQ;P7Xq;866-140-0999;cross-platform access;Public-key;South Marjorieland;Myanmar;5
3;Games Regional Digitized;Makayla;Roob;MALE;%%BHN.~R_FX/8F,R)0?[$Te~y,yc*#t]9tZv^0Wv_KK&?`..c:|F)D0FTfAlc;&Loh?Uy]SsZSQ`PCyp4hF{A4y{O@=3FKdv.+*..=;b#dV'0jWxHAhZ3$G?3!O5;sw2,h>s%DyM0&r3uK/PxieY):|#;c/{XM/{;874.938.9579 x30515;Tactics;scale interactive generating;Port Earl;Myanmar;6
4;Plastic;Princess;Cummerata;OTHER;SDD6PGd0[W5+@0R~IG_f~R7FD!Xg}(ieb^,pa5,O3?_ln=k(zAa:]O5IZ?zbW::{`-tvNL-M1Am=6*;+f&xb#6ZQ!.5=I=C_cTK]c`#5!cBXrI<b?~1N?2{Sf!N~O3F5>F]"+HSMPl9YVtd#aKnUD`H^L>jpP*7dmwywm4S,4lT{v/yOBx0J9tqxgpbe64;081-777-7760;world-class Frozen IB;Highway Ergonomic;West Marcella;Ghana;7
5;New York tangible Mississippi;Geovanny;Carter;FEMALE;6W3@7/uBX"lMt..O/Be}'W<Dh3it<-<5G-uE`)6zSzJ]=MGN$^FAy#u{\+$t'>)Kj{u5PD.}S=tEgMydIh\s3:V%EGFHk-N(w':e"oGE`/bL},|;1-410-412-0864 x3556;Concrete Investment Account Saint Lucia;User-centric;New Effiechester;Cayman Islands;9
6;Auto Loan Account modular Refined;Jacky;Schmitt;MALE;hs]E0vSsMo,qF2X2[F)AD[{"^8lef?IV=_Bq1F\n(PU"zuJ3rSU>7dBzz5Y1<z%'UbXY{d%)F+z~0V@2oXwwA?3yD#]U&NeKrsG$%2-b;=O1"Nh;<Cz8=L[9UI/xD/MHKA-e.)VY<GSoFT1.K0?icsY)%e9-ilh]^5uM,%)VU<"mJyl%px{laHb;1-833-912-2640;cutting-edge ability Hat;supply-chains magenta;East Eugeneberg;United States of America;2
7;sky blue;Keara;Prosacco;FEMALE;$~V):4JA]>_]vy!;3T2d|]%}R*^A1{:;\=;qDdx,|KRtCYl==Qk(,>IZ[H$}UZ5aZ}=AN}N/Z9;bYwGW+;uc<u91H6,;~/'>`]n~j@gOd0;k1H38QI?-gG/mnr2p(%&>^?r5]_aeGx*+x2t\$bfRoW=Zzd2yE'OJ[VUQssLB[C"4mE)]}5]_|u>P\WJ>nPiq*bCxV{%6r[.K-k{>F<N*7^OFkup;1-129-026-9540;encompassing;deposit Canadian Dollar Lebanon;Port Kattie;Dominican Republic;6
8;Handmade 24/7 Re-contextualized;Prudence;Hilll;MALE;^hsUgq.9!14Jv(`7}hSSW`QiCa"v>3xo&nX9u"I_QK6J+xnwM6JJKiRb@\V*_+RgLWMH8JuaHGTfO9TR<%|Tv}|uz5IFR[Y{uxof.HpsgwM^I!+zHdO3?/P+A2HE&AkY#ew$?2%l"LJD?A&Xq[I,wGhP<<RW$!8"J;1-516-085-3620;Buckinghamshire Future-proofed deposit;Quality;West Joseph;United Arab Emirates;9
9;Forint;Murray;Bruen;MALE;aKxtRH|9ut~6ez\rnrLoH4IK|4o-XqR$+|s?>py{(sm%GvU:MBz$bg8M1n7x@j*>;A$kUKlU!'h>uu(JPK^{jz<\LP~4paI[MiVCK(/}yoHUhL<[kE2I|P-J%s}oqlk,Z]Q4#o1g*.=,PQNLnZ:.*P|?pQx'q."tc(4n[H#(tQw!=5R{z-O;*n;895.552.2909;Virginia THX pink;cross-media;Roseside;Swaziland;9
10;optical invoice;Arthur;Weber;FEMALE;8OrlV.w@UKLK7*jeCgsMLdRBGvp62\~9sR.2f~Z,$WZoAvRd<r1k}PJL=mTei".x="[;_}[Tc`Dz;1-969-021-3546;invoice Devolved;Computers Bedfordshire Fish;New Natalie;Svalbard & Jan Mayen Islands;8
